gnd1_x,gnd1_y,gnd1_z,gnd2_x,gnd2_y,gnd2_z,gnd3_x,gnd3_y,gnd3_z,gnd4_x,gnd4_y,gnd4_z,result_x,result_y,result_z
-26.47443,-77.63113,0.0,-13.157999,-40.741997,0.0,-23.790192,-83.000946,0.0,21.412043,2.9339502,0.0,-66,13,70
