gnd1,gnd2,gnd3,gnd4,result,sig
[ 99 -20   0],[-50 -44   0],[-44  94   0],[ 20 -56   0],"[79, 131, 70]",10368.911130648976
[51 76  0],[ -2 -32   0],[ 56 -87   0],[86 -2  0],"[252, 330, 70]",10726.376857213978
[37 75  0],[ 3 18  0],[-69   8   0],[51 62  0],"[264, 179, 70]",11334.743444199212
